﻿<?xml version="1.0" encoding="utf-8" ?>
<hibernate-configuration xmlns="urn:nhibernate-configuration-2.2">

	<session-factory>
		<property name="dialect">NHibernate.Dialect.MsSql2005Dialect</property>
		<property name="connection.driver_class">NHibernate.Driver.SqlClientDriver</property>
		<property name="connection.provider">NHibernate.Connection.DriverConnectionProvider</property>
		<property name="connection.connection_string">
			Data Source=.\SQLEXPRESS;AttachDbFilename="C:\Documents and Settings\Alex\My Documents\Visual Studio 2005\Projects\HappyNomad\ObservableCollections Demo\Data Access\SampleDatabase.mdf";Integrated Security=True;Connect Timeout=30;User Instance=True
		</property>
		<property name="default_schema">dbo</property>
		<property name="show_sql">true</property>
		<property name='proxyfactory.factory_class'>NHibernate.ByteCode.Castle.ProxyFactoryFactory, NHibernate.ByteCode.Castle</property>

		<mapping assembly="NHibernate.Examples.ObservableCollections" />
	</session-factory>

</hibernate-configuration>
