﻿<?xml version="1.0" encoding="utf-8" ?>
<hibernate-mapping xmlns="urn:nhibernate-mapping-2.2" assembly="NHibernate.Examples.ObservableCollections" namespace="NHibernate.Examples.ObservableCollections">

	<class name="SampleItem">
		<id name="ID" type="Int32"><generator class="native"/></id>
		<property name="Name" not-null="true"/>
		<many-to-one name="ParentSetContainer" cascade="save-update" column="SetContainerID"/>
	</class>

	<class name="SampleSetContainer">
		<id name="ID" type="Int32"><generator class="native"/></id>
		<set name="SampleSet" inverse="true" collection-type="NHibernate.Collection.Observable.ObservableSetType`1[[NHibernate.Examples.ObservableCollections.SampleItem, NHibernate.Examples.ObservableCollections]], NHibernate.Collection.Observable">
			<key column="SetContainerID"/>
			<one-to-many class="SampleItem"/>
		</set>
	</class>

	<class name="SampleListContainer">
		<id name="ID" type="Int32"><generator class="native"/></id>
		<list name="SampleList" table="Item_List" cascade="save-update" collection-type="NHibernate.Collection.Observable.ObservableListType`1[[NHibernate.Examples.ObservableCollections.SampleItem, NHibernate.Examples.ObservableCollections]], NHibernate.Collection.Observable">
			<key column="ListContainerID"/>
			<index column="PosN"/>
			<many-to-many column="ItemID" class="SampleItem"/>
		</list>
	</class>

</hibernate-mapping>
